UserID,FirstName,LastName,UserRole,Email,Password,StudentID
U001,Emma,Jones,Student,emma.jones@example.com,pass1234,S001
U004,Michael,Brown,Student,michael.brown@example.com,pass5678,S002
U006,Ethan,Miller,Student,ethan.miller@example.com,stud1234,S003
U009,Charlotte,Moore,Student,charlotte.moore@example.com,pass4321,S004
U010,Liam,Taylor,Student,liam.taylor@example.com,stud5678,S005
U013,Grace,Jackson,Student,grace.jackson@example.com,pass8765,S006
U014,Henry,Harris,Student,henry.harris@example.com,stud9988,S007
U017,Chloe,Perez,Student,chloe.perez@example.com,pass2244,S008
U018,James,Clark,Student,james.clark@example.com,stud5566,S009
U020,Mason,Robinson,Student,mason.robinson@example.com,pass1122,S010
U022,Elijah,Young,Student,elijah.young@example.com,stud3344,S011
U023,Avery,Allen,Student,avery.allen@example.com,pass6677,S012
U026,Lucas,Hill,Student,lucas.hill@example.com,pass8899,S013
U028,Logan,Adams,Student,logan.adams@example.com,stud9900,S014
U031,Hailey,Carter,Student,hailey.carter@example.com,pass2233,S015
U032,Owen,Mitchell,Student,owen.mitchell@example.com,stud4455,S016
U035,Savannah,Cox,Student,savannah.cox@example.com,pass5566,S017
U036,Aiden,Howard,Student,aiden.howard@example.com,stud7788,S018
U038,Jackson,James,Student,jackson.james@example.com,pass9900,S019
U040,Daniel,Morgan,Student,daniel.morgan@example.com,stud1122,S020
U042,Leo,Reed,Student,leo.reed@example.com,pass4455,S021
U044,Anthony,Howard,Student,anthony.howard@example.com,stud6677,S022
U046,Joseph,Price,Student,joseph.price@example.com,pass2233,S023
U048,Christopher,Barnes,Student,christopher.barnes@example.com,stud3344,S024
U050,Matthew,Henderson,Student,matthew.henderson@example.com,pass7788,S025
U052,Lillian,Jenkins,Student,lillian.jenkins@example.com,stud9900,S026
U054,Zoe,Gray,Student,zoe.gray@example.com,pass3344,S027
U056,Stella,Foster,Student,stella.foster@example.com,stud5566,S028
U058,Hannah,Reynolds,Student,hannah.reynolds@example.com,pass7788,S029
U059,Luke,Rivera,Student,luke.rivera@example.com,stud1122,S030
U061,Dylan,Graham,Student,dylan.graham@example.com,pass2233,S031
U063,Hudson,Palmer,Student,hudson.palmer@example.com,stud6677,S032
U064,Penelope,Fisher,Student,penelope.fisher@example.com,pass8899,S033
U066,Naomi,West,Student,naomi.west@example.com,stud3344,S034
U068,Camila,Murphy,Student,camila.murphy@example.com,pass6677,S035
U070,Layla,Reed,Student,layla.reed@example.com,stud9900,S036