UserID,FirstName,LastName,UserRole,Email,Password
U001,Emma,Jones,Student,emma.jones@example.com,pass1234
U002,David,Smith,Librarian,david.smith@example.com,lib2024
U003,Sarah,White,Admin,sarah.white@example.com,admin987
U004,Michael,Brown,Student,michael.brown@example.com,pass5678
U005,Olivia,Johnson,Librarian,olivia.johnson@example.com,lib7788
U006,Ethan,Miller,Student,ethan.miller@example.com,stud1234
U007,Emily,Davis,Admin,emily.davis@example.com,root2025
U008,Alexander,Wilson,Librarian,alex.wilson@example.com,lib3344
U009,Charlotte,Moore,Student,charlotte.moore@example.com,pass4321
U010,Liam,Taylor,Student,liam.taylor@example.com,stud5678
U011,Amelia,Anderson,Librarian,amelia.anderson@example.com,lib5566
U012,Benjamin,Thomas,Admin,benjamin.thomas@example.com,adm1122
U013,Grace,Jackson,Student,grace.jackson@example.com,pass8765
U014,Henry,Harris,Student,henry.harris@example.com,stud9988
U015,Sophia,Martin,Librarian,sophia.martin@example.com,lib7788
U016,Noah,Lee,Admin,noah.lee@example.com,admin3344
U017,Chloe,Perez,Student,chloe.perez@example.com,pass2244
U018,James,Clark,Student,james.clark@example.com,stud5566
U019,Lily,Lewis,Librarian,lily.lewis@example.com,lib4455
U020,Mason,Robinson,Student,mason.robinson@example.com,pass1122
U021,Isabella,Walker,Admin,isabella.walker@example.com,adm9988
U022,Elijah,Young,Student,elijah.young@example.com,stud3344
U023,Avery,Allen,Student,avery.allen@example.com,pass6677
U024,William,Sanchez,Librarian,william.sanchez@example.com,lib2211
U025,Madison,Wright,Admin,madison.wright@example.com,admin7766
U026,Lucas,Hill,Student,lucas.hill@example.com,pass8899
U027,Aria,Scott,Librarian,aria.scott@example.com,lib4455
U028,Logan,Adams,Student,logan.adams@example.com,stud9900
U029,Zoey,Baker,Admin,zoey.baker@example.com,adm3344
U030,Caleb,Nelson,Librarian,caleb.nelson@example.com,lib5566
U031,Hailey,Carter,Student,hailey.carter@example.com,pass2233
U032,Owen,Mitchell,Student,owen.mitchell@example.com,stud4455
U033,Elizabeth,Perry,Librarian,elizabeth.perry@example.com,lib6677
U034,Gabriel,Roberts,Admin,gabriel.roberts@example.com,admin1122
U035,Savannah,Cox,Student,savannah.cox@example.com,pass5566
U036,Aiden,Howard,Student,aiden.howard@example.com,stud7788
U037,Victoria,Ramirez,Admin,victoria.ramirez@example.com,adm6677
U038,Jackson,James,Student,jackson.james@example.com,pass9900
U039,Maya,Watson,Librarian,maya.watson@example.com,lib3344
U040,Daniel,Morgan,Student,daniel.morgan@example.com,stud1122
U041,Ella,Rivera,Admin,ella.rivera@example.com,admin3344
U042,Leo,Reed,Student,leo.reed@example.com,pass4455
U043,Nora,Kelly,Librarian,nora.kelly@example.com,lib7788
U044,Anthony,Howard,Student,anthony.howard@example.com,stud6677
U045,Aubrey,Brooks,Admin,aubrey.brooks@example.com,adm8899
U046,Joseph,Price,Student,joseph.price@example.com,pass2233
U047,Evelyn,Bennett,Librarian,evelyn.bennett@example.com,lib5566
U048,Christopher,Barnes,Student,christopher.barnes@example.com,stud3344
U049,Scarlett,Ross,Admin,scarlett.ross@example.com,admin5566
U050,Matthew,Henderson,Student,matthew.henderson@example.com,pass7788
U051,Archer,Cole,Librarian,archer.cole@example.com,lib1122
U052,Lillian,Jenkins,Student,lillian.jenkins@example.com,stud9900
U053,Sebastian,Powell,Admin,sebastian.powell@example.com,adm2233
U054,Zoe,Gray,Student,zoe.gray@example.com,pass3344
U055,Nathan,Hughes,Librarian,nathan.hughes@example.com,lib4455
U056,Stella,Foster,Student,stella.foster@example.com,stud5566
U057,Jason,Howard,Admin,jason.howard@example.com,admin6677
U058,Hannah,Reynolds,Student,hannah.reynolds@example.com,pass7788
U059,Luke,Rivera,Student,luke.rivera@example.com,stud1122
U060,Claire,Hamilton,Librarian,claire.hamilton@example.com,lib3344
U061,Dylan,Graham,Student,dylan.graham@example.com,pass2233
U062,Eleanor,Stone,Admin,eleanor.stone@example.com,adm4455
U063,Hudson,Palmer,Student,hudson.palmer@example.com,stud6677
U064,Penelope,Fisher,Student,penelope.fisher@example.com,pass8899
U065,Jasper,Wall,Librarian,jasper.wall@example.com,lib5566
U066,Naomi,West,Student,naomi.west@example.com,stud3344
U067,Gabriel,Sullivan,Admin,gabriel.sullivan@example.com,admin1122
U068,Camila,Murphy,Student,camila.murphy@example.com,pass6677
U069,Evan,Morgan,Librarian,evan.morgan@example.com,lib7788
U070,Layla,Reed,Student,layla.reed@example.com,stud9900